"Carimbo de data/hora","Qual a sua idade?","Você já conhecia a Salesforce?","Em uma escala de 0 a 5, o quão fácil foi utilizar nosso site?","O quão fácil foi entender informações do site?","O que você achou do visual do site?","Dê uma nota de 0 a 5 para a página principal?","Dê uma nota de 0 a 5 para a  página de Produtos?","Dê uma nota de 0 a 5 para a  página de Contato?","Você achou o conteúdo do site organizado?","Com base nesse site, você indicaria a Salesforce para alguém?","Você gostaria de deixar alguma sugestão ou comentário sobre nosso site?"
"2024/03/31 10:40:22 AM GMT-3","29","Não","4","4","4","4","4","4","Sim","Sim","No meu celular algumas informações ficaram cortadas e não deu pra ler tudo"
"2024/03/31 10:46:02 AM GMT-3","18","sim","5","5","3","4","4","5","com o tempo e treinamento o perfeccionismo virá, e está no caminho correto","Sim","as explicações estão claríssimas, apenas investir mais no visual do site"
"2024/03/31 10:58:29 AM GMT-3","22","não","5","5","4","5","5","5","Sim","Talvez",""
"2024/03/31 11:35:12 AM GMT-3","22","não ","5","5","5","5","5","5","Sim","Sim",""
"2024/03/31 11:59:08 AM GMT-3","23","Não ","3","3","5","3","4","4","Sim","Talvez",""
"2024/03/31 12:45:37 PM GMT-3","24","Não","5","5","5","5","5","5","Sim","Sim","Na página inicial, onde há opção de ""Conheça nossos produtos"", as categorias clicáveis são ""Conheça o Customer 360, Nuvem de dados e Explore o Marketing"" e independente de qual você clique, você vai pra página geral de produtos, não no produto específico. Uma sugestão, seria que, ao clicar no ""Conheça o Customer 360"", você vai pra página dos produtos, mas especificamente no produto ""Conheça o Customer 360"" e assim em diante com os outros produtos oferecidos na página."
"2024/03/31 2:07:15 PM GMT-3","28","Sim","5","5","5","5","5","5","Sim","Sim",""
"2024/03/31 3:53:17 PM GMT-3","25","sim","4","5","4","5","5","5","Sim","Sim","está ótimo "
"2024/03/31 4:38:42 PM GMT-3","27","Não","5","5","5","5","5","5","Sim","Sim",""
"2024/03/31 5:46:46 PM GMT-3","27","Não","5","5","5","5","5","5","Sim","Sim","Na página de ""Equipe"" poderia ser mais responsivo. Quando dou zoom as fotos diminuem e tudo aumenta e vice versa. Além do mais, não possuí muita informação relevante, poderia haver uma mini biografia da equipe/de cada uma em um tamanho menor ocupando a tela completa."
"2024/03/31 10:08:34 PM GMT-3","25","Não","5","4","4","4","5","4","Sim","Sim","A parte de prenchimento dos dados de contato esta torta. "